stroke_idx,wp_idx,kind,x_m,y_m,z_m,qx,qy,qz,qw,intensity,q1,q2,q3,q4,q5,q6,q7
0,0,lift_start,0.449800,-0.399570,-0.010700,-0.382683,0.923880,0.000000,-0.000000,0.000,-0.295300,0.541917,-0.436696,-2.012495,0.362780,2.479565,2.174993
0,1,draw,0.449800,-0.399570,-0.010700,-0.382683,0.923880,0.000000,-0.000000,1.000,-0.295300,0.541917,-0.436696,-2.012495,0.362780,2.479565,2.174993
0,2,draw,0.449800,-0.400570,-0.010700,-0.382683,0.923880,0.000000,-0.000000,1.000,-0.299152,0.542951,-0.434367,-2.009939,0.361131,2.478732,2.174993
0,3,draw,0.449800,-0.401570,-0.010700,-0.382683,0.923880,0.000000,-0.000000,1.000,-0.302993,0.543993,-0.432045,-2.007376,0.359485,2.477894,2.174993
0,4,draw,0.449800,-0.402570,-0.010700,-0.382683,0.923880,0.000000,-0.000000,1.000,-0.306822,0.545042,-0.429731,-2.004805,0.357843,2.477051,2.174993
0,5,draw,0.449800,-0.403570,-0.010700,-0.382683,0.923880,0.000000,-0.000000,1.000,-0.310639,0.546098,-0.427424,-2.002226,0.356205,2.476202,2.174993
0,6,draw,0.449800,-0.404570,-0.010700,-0.382683,0.923880,0.000000,-0.000000,1.000,-0.314445,0.547161,-0.425125,-1.999639,0.354571,2.475347,2.174993
0,7,draw,0.449800,-0.405570,-0.010700,-0.382683,0.923880,0.000000,-0.000000,1.000,-0.318239,0.548232,-0.422833,-1.997043,0.352940,2.474487,2.174993
0,8,draw,0.449800,-0.406570,-0.010700,-0.382683,0.923880,0.000000,-0.000000,1.000,-0.322021,0.549309,-0.420549,-1.994440,0.351313,2.473622,2.174993
0,9,draw,0.449800,-0.407570,-0.010700,-0.382683,0.923880,0.000000,-0.000000,1.000,-0.325792,0.550394,-0.418272,-1.991828,0.349690,2.472750,2.174993
0,10,draw,0.449800,-0.408570,-0.010700,-0.382683,0.923880,0.000000,-0.000000,1.000,-0.329552,0.551486,-0.416002,-1.989209,0.348070,2.471874,2.174993
0,11,draw,0.449800,-0.409570,-0.010700,-0.382683,0.923880,0.000000,-0.000000,1.000,-0.333300,0.552585,-0.413740,-1.986581,0.346454,2.470991,2.174993
0,12,draw,0.449800,-0.410570,-0.010700,-0.382683,0.923880,0.000000,-0.000000,1.000,-0.337036,0.553692,-0.411486,-1.983945,0.344842,2.470104,2.174993
0,13,draw,0.449800,-0.411570,-0.010700,-0.382683,0.923880,0.000000,-0.000000,1.000,-0.340761,0.554805,-0.409238,-1.981301,0.343233,2.469210,2.174993
0,14,draw,0.449800,-0.412570,-0.010700,-0.382683,0.923880,0.000000,-0.000000,1.000,-0.344475,0.555925,-0.406998,-1.978649,0.341628,2.468311,2.174993
0,15,draw,0.449800,-0.413570,-0.010700,-0.382683,0.923880,0.000000,-0.000000,1.000,-0.348177,0.557053,-0.404766,-1.975988,0.340027,2.467407,2.174993
0,16,draw,0.449800,-0.414570,-0.010700,-0.382683,0.923880,0.000000,-0.000000,1.000,-0.351867,0.558188,-0.402541,-1.973319,0.338429,2.466497,2.174993
0,17,draw,0.449800,-0.415570,-0.010700,-0.382683,0.923880,0.000000,-0.000000,1.000,-0.355547,0.559330,-0.400323,-1.970642,0.336834,2.465581,2.174993
0,18,draw,0.449800,-0.416570,-0.010700,-0.382683,0.923880,0.000000,-0.000000,1.000,-0.359215,0.560479,-0.398112,-1.967957,0.335244,2.464660,2.174993
0,19,draw,0.449800,-0.417570,-0.010700,-0.382683,0.923880,0.000000,-0.000000,1.000,-0.362871,0.561635,-0.395909,-1.965263,0.333656,2.463734,2.174993
0,20,draw,0.449800,-0.418570,-0.010700,-0.382683,0.923880,0.000000,-0.000000,1.000,-0.366516,0.562798,-0.393713,-1.962561,0.332073,2.462801,2.174993
0,21,draw,0.449800,-0.419570,-0.010700,-0.382683,0.923880,0.000000,-0.000000,1.000,-0.370150,0.563968,-0.391524,-1.959851,0.330493,2.461864,2.174993
0,22,draw,0.449800,-0.420570,-0.010700,-0.382683,0.923880,0.000000,-0.000000,1.000,-0.373772,0.565145,-0.389343,-1.957132,0.328916,2.460920,2.174993
0,23,draw,0.449800,-0.421570,-0.010700,-0.382683,0.923880,0.000000,-0.000000,1.000,-0.377383,0.566329,-0.387168,-1.954405,0.327343,2.459971,2.174993
0,24,draw,0.449800,-0.422570,-0.010700,-0.382683,0.923880,0.000000,-0.000000,1.000,-0.380983,0.567521,-0.385001,-1.951669,0.325773,2.459017,2.174993
0,25,draw,0.449800,-0.423570,-0.010700,-0.382683,0.923880,0.000000,-0.000000,1.000,-0.384572,0.568719,-0.382841,-1.948925,0.324206,2.458057,2.174993
0,26,draw,0.449800,-0.424570,-0.010700,-0.382683,0.923880,0.000000,-0.000000,1.000,-0.388149,0.569925,-0.380689,-1.946173,0.322643,2.457091,2.174993
0,27,draw,0.449800,-0.425570,-0.010700,-0.382683,0.923880,0.000000,-0.000000,1.000,-0.391715,0.571137,-0.378543,-1.943411,0.321084,2.456120,2.174993
0,28,draw,0.449800,-0.426570,-0.010700,-0.382683,0.923880,0.000000,-0.000000,1.000,-0.395270,0.572357,-0.376405,-1.940642,0.319527,2.455143,2.174993
0,29,draw,0.449800,-0.427570,-0.010700,-0.382683,0.923880,0.000000,-0.000000,1.000,-0.398814,0.573583,-0.374273,-1.937863,0.317975,2.454161,2.174993
0,30,draw,0.449800,-0.428570,-0.010700,-0.382683,0.923880,0.000000,-0.000000,1.000,-0.402346,0.574817,-0.372149,-1.935076,0.316425,2.453173,2.174993
0,31,draw,0.449800,-0.429570,-0.010700,-0.382683,0.923880,0.000000,-0.000000,1.000,-0.405868,0.576057,-0.370032,-1.932281,0.314879,2.452180,2.174993
0,32,draw,0.449800,-0.430570,-0.010700,-0.382683,0.923880,0.000000,-0.000000,1.000,-0.409378,0.577305,-0.367922,-1.929477,0.313336,2.451181,2.174993
0,33,draw,0.449800,-0.431570,-0.010700,-0.382683,0.923880,0.000000,-0.000000,1.000,-0.412877,0.578560,-0.365819,-1.926664,0.311796,2.450176,2.174993
0,34,draw,0.449800,-0.432570,-0.010700,-0.382683,0.923880,0.000000,-0.000000,1.000,-0.416366,0.579821,-0.363723,-1.923842,0.310260,2.449166,2.174993
0,35,draw,0.449800,-0.433570,-0.010700,-0.382683,0.923880,0.000000,-0.000000,1.000,-0.419843,0.581090,-0.361634,-1.921012,0.308727,2.448150,2.174993
0,36,draw,0.449800,-0.434570,-0.010700,-0.382683,0.923880,0.000000,-0.000000,1.000,-0.423309,0.582366,-0.359552,-1.918173,0.307197,2.447128,2.174993
0,37,draw,0.449800,-0.435570,-0.010700,-0.382683,0.923880,0.000000,-0.000000,1.000,-0.426764,0.583649,-0.357477,-1.915325,0.305671,2.446101,2.174993
0,38,draw,0.449800,-0.436570,-0.010700,-0.382683,0.923880,0.000000,-0.000000,1.000,-0.430208,0.584939,-0.355408,-1.912468,0.304147,2.445068,2.174993
0,39,draw,0.449800,-0.437570,-0.010700,-0.382683,0.923880,0.000000,-0.000000,1.000,-0.433641,0.586235,-0.353347,-1.909602,0.302627,2.444030,2.174993
0,40,draw,0.449800,-0.438570,-0.010700,-0.382683,0.923880,0.000000,-0.000000,1.000,-0.437063,0.587539,-0.351293,-1.906727,0.301110,2.442986,2.174993
0,41,draw,0.449800,-0.439570,-0.010700,-0.382683,0.923880,0.000000,-0.000000,1.000,-0.440475,0.588850,-0.349245,-1.903844,0.299596,2.441936,2.174993
0,42,draw,0.449800,-0.440570,-0.010700,-0.382683,0.923880,0.000000,-0.000000,1.000,-0.443875,0.590168,-0.347204,-1.900951,0.298085,2.440880,2.174993
0,43,draw,0.449800,-0.441570,-0.010700,-0.382683,0.923880,0.000000,-0.000000,1.000,-0.447265,0.591493,-0.345170,-1.898049,0.296578,2.439819,2.174993
0,44,draw,0.449800,-0.442570,-0.010700,-0.382683,0.923880,0.000000,-0.000000,1.000,-0.450643,0.592825,-0.343143,-1.895139,0.295073,2.438752,2.174993
0,45,draw,0.449800,-0.443570,-0.010700,-0.382683,0.923880,0.000000,-0.000000,1.000,-0.454011,0.594164,-0.341122,-1.892219,0.293572,2.437680,2.174993
0,46,draw,0.449800,-0.444570,-0.010700,-0.382683,0.923880,0.000000,-0.000000,1.000,-0.457369,0.595511,-0.339108,-1.889290,0.292073,2.436602,2.174993
0,47,draw,0.449800,-0.445570,-0.010700,-0.382683,0.923880,0.000000,-0.000000,1.000,-0.460715,0.596864,-0.337101,-1.886352,0.290578,2.435518,2.174993
0,48,draw,0.449800,-0.446570,-0.010700,-0.382683,0.923880,0.000000,-0.000000,1.000,-0.464051,0.598224,-0.335100,-1.883404,0.289085,2.434428,2.174993
0,49,draw,0.449800,-0.447570,-0.010700,-0.382683,0.923880,0.000000,-0.000000,1.000,-0.467376,0.599591,-0.333107,-1.880448,0.287596,2.433333,2.174993
0,50,draw,0.449800,-0.448570,-0.010700,-0.382683,0.923880,0.000000,-0.000000,1.000,-0.470691,0.600966,-0.331119,-1.877482,0.286110,2.432231,2.174993
0,51,draw,0.449800,-0.449570,-0.010700,-0.382683,0.923880,0.000000,-0.000000,1.000,-0.473994,0.602347,-0.329138,-1.874507,0.284626,2.431125,2.174993
0,52,draw,0.449800,-0.450570,-0.010700,-0.382683,0.923880,0.000000,-0.000000,1.000,-0.477288,0.603736,-0.327164,-1.871522,0.283146,2.430012,2.174993
0,53,draw,0.449800,-0.451570,-0.010700,-0.382683,0.923880,0.000000,-0.000000,1.000,-0.480570,0.605131,-0.325197,-1.868528,0.281668,2.428893,2.174993
0,54,draw,0.449800,-0.452570,-0.010700,-0.382683,0.923880,0.000000,-0.000000,1.000,-0.483843,0.606534,-0.323235,-1.865525,0.280194,2.427769,2.174993
0,55,draw,0.449800,-0.453570,-0.010700,-0.382683,0.923880,0.000000,-0.000000,1.000,-0.487104,0.607944,-0.321281,-1.862512,0.278722,2.426639,2.174993
0,56,draw,0.449800,-0.454570,-0.010700,-0.382683,0.923880,0.000000,-0.000000,1.000,-0.490355,0.609361,-0.319332,-1.859490,0.277253,2.425503,2.174993
0,57,draw,0.449800,-0.455570,-0.010700,-0.382683,0.923880,0.000000,-0.000000,1.000,-0.493596,0.610785,-0.317390,-1.856458,0.275787,2.424361,2.174993
0,58,draw,0.449800,-0.456570,-0.010700,-0.382683,0.923880,0.000000,-0.000000,1.000,-0.496826,0.612216,-0.315455,-1.853416,0.274324,2.423214,2.174993
0,59,draw,0.449800,-0.457570,-0.010700,-0.382683,0.923880,0.000000,-0.000000,1.000,-0.500046,0.613654,-0.313526,-1.850365,0.272864,2.422060,2.174993
0,60,draw,0.449800,-0.458570,-0.010700,-0.382683,0.923880,0.000000,-0.000000,1.000,-0.503256,0.615100,-0.311603,-1.847304,0.271406,2.420901,2.174993
0,61,draw,0.449800,-0.459570,-0.010700,-0.382683,0.923880,0.000000,-0.000000,1.000,-0.506455,0.616552,-0.309686,-1.844233,0.269952,2.419736,2.174993
0,62,draw,0.449800,-0.460570,-0.010700,-0.382683,0.923880,0.000000,-0.000000,1.000,-0.509644,0.618012,-0.307776,-1.841153,0.268500,2.418565,2.174993
0,63,draw,0.449800,-0.461570,-0.010700,-0.382683,0.923880,0.000000,-0.000000,1.000,-0.512822,0.619479,-0.305871,-1.838062,0.267050,2.417388,2.174993
0,64,draw,0.449800,-0.462570,-0.010700,-0.382683,0.923880,0.000000,-0.000000,1.000,-0.515991,0.620953,-0.303973,-1.834962,0.265604,2.416205,2.174993
0,65,draw,0.449800,-0.463570,-0.010700,-0.382683,0.923880,0.000000,-0.000000,1.000,-0.519149,0.622434,-0.302082,-1.831852,0.264160,2.415016,2.174993
0,66,draw,0.449800,-0.464570,-0.010700,-0.382683,0.923880,0.000000,-0.000000,1.000,-0.522297,0.623923,-0.300196,-1.828732,0.262719,2.413821,2.174993
0,67,draw,0.449800,-0.465570,-0.010700,-0.382683,0.923880,0.000000,-0.000000,1.000,-0.525434,0.625419,-0.298316,-1.825601,0.261281,2.412620,2.174993
0,68,draw,0.449800,-0.466570,-0.010700,-0.382683,0.923880,0.000000,-0.000000,1.000,-0.528562,0.626922,-0.296443,-1.822461,0.259845,2.411413,2.174993
0,69,draw,0.449800,-0.467570,-0.010700,-0.382683,0.923880,0.000000,-0.000000,1.000,-0.531680,0.628432,-0.294575,-1.819311,0.258412,2.410200,2.174993
0,70,draw,0.449800,-0.468570,-0.010700,-0.382683,0.923880,0.000000,-0.000000,1.000,-0.534787,0.629950,-0.292714,-1.816150,0.256981,2.408982,2.174993
0,71,draw,0.449800,-0.469570,-0.010700,-0.382683,0.923880,0.000000,-0.000000,1.000,-0.537885,0.631475,-0.290858,-1.812979,0.255553,2.407757,2.174993
0,72,draw,0.449800,-0.470570,-0.010700,-0.382683,0.923880,0.000000,-0.000000,1.000,-0.540972,0.633007,-0.289008,-1.809798,0.254128,2.406525,2.174993
0,73,draw,0.449800,-0.471570,-0.010700,-0.382683,0.923880,0.000000,-0.000000,1.000,-0.544050,0.634547,-0.287165,-1.806606,0.252705,2.405288,2.174993
0,74,draw,0.449800,-0.472570,-0.010700,-0.382683,0.923880,0.000000,-0.000000,1.000,-0.547117,0.636093,-0.285327,-1.803404,0.251285,2.404045,2.174993
0,75,draw,0.449800,-0.473570,-0.010700,-0.382683,0.923880,0.000000,-0.000000,1.000,-0.550175,0.637648,-0.283495,-1.800192,0.249867,2.402796,2.174993
0,76,draw,0.449800,-0.474570,-0.010700,-0.382683,0.923880,0.000000,-0.000000,1.000,-0.553223,0.639209,-0.281668,-1.796969,0.248452,2.401540,2.174993
0,77,draw,0.449800,-0.475570,-0.010700,-0.382683,0.923880,0.000000,-0.000000,1.000,-0.556261,0.640778,-0.279848,-1.793735,0.247039,2.400278,2.174993
0,78,draw,0.449800,-0.476570,-0.010700,-0.382683,0.923880,0.000000,-0.000000,1.000,-0.559289,0.642355,-0.278033,-1.790491,0.245628,2.399010,2.174993
0,79,draw,0.449800,-0.477570,-0.010700,-0.382683,0.923880,0.000000,-0.000000,1.000,-0.562308,0.643939,-0.276224,-1.787236,0.244220,2.397736,2.174993
0,80,draw,0.449800,-0.478570,-0.010700,-0.382683,0.923880,0.000000,-0.000000,1.000,-0.565316,0.645530,-0.274420,-1.783970,0.242815,2.396456,2.174993
0,81,draw,0.449800,-0.479570,-0.010700,-0.382683,0.923880,0.000000,-0.000000,1.000,-0.568315,0.647129,-0.272622,-1.780694,0.241412,2.395169,2.174993
0,82,draw,0.449800,-0.480570,-0.010700,-0.382683,0.923880,0.000000,-0.000000,1.000,-0.571305,0.648736,-0.270830,-1.777407,0.240011,2.393876,2.174993
0,83,draw,0.449800,-0.481570,-0.010700,-0.382683,0.923880,0.000000,-0.000000,1.000,-0.574284,0.650349,-0.269044,-1.774108,0.238612,2.392576,2.174993
0,84,draw,0.449800,-0.482570,-0.010700,-0.382683,0.923880,0.000000,-0.000000,1.000,-0.577254,0.651971,-0.267262,-1.770799,0.237216,2.391271,2.174993
0,85,draw,0.449800,-0.483570,-0.010700,-0.382683,0.923880,0.000000,-0.000000,1.000,-0.580215,0.653600,-0.265487,-1.767478,0.235822,2.389959,2.174993
0,86,draw,0.449800,-0.484570,-0.010700,-0.382683,0.923880,0.000000,-0.000000,1.000,-0.583166,0.655237,-0.263716,-1.764147,0.234431,2.388640,2.174993
0,87,draw,0.449800,-0.485570,-0.010700,-0.382683,0.923880,0.000000,-0.000000,1.000,-0.586107,0.656881,-0.261952,-1.760804,0.233042,2.387315,2.174993
0,88,draw,0.449800,-0.486570,-0.010700,-0.382683,0.923880,0.000000,-0.000000,1.000,-0.589039,0.658533,-0.260192,-1.757450,0.231654,2.385984,2.174993
0,89,draw,0.449800,-0.487570,-0.010700,-0.382683,0.923880,0.000000,-0.000000,1.000,-0.591961,0.660193,-0.258438,-1.754084,0.230270,2.384646,2.174993
0,90,draw,0.449800,-0.488570,-0.010700,-0.382683,0.923880,0.000000,-0.000000,1.000,-0.594874,0.661860,-0.256689,-1.750707,0.228887,2.383302,2.174993
0,91,draw,0.449800,-0.489570,-0.010700,-0.382683,0.923880,0.000000,-0.000000,1.000,-0.597778,0.663535,-0.254945,-1.747319,0.227506,2.381951,2.174993
0,92,draw,0.449800,-0.490570,-0.010700,-0.382683,0.923880,0.000000,-0.000000,1.000,-0.600672,0.665218,-0.253207,-1.743919,0.226128,2.380594,2.174993
0,93,draw,0.449800,-0.491570,-0.010700,-0.382683,0.923880,0.000000,-0.000000,1.000,-0.603557,0.666909,-0.251474,-1.740507,0.224752,2.379230,2.174993
0,94,draw,0.449800,-0.492570,-0.010700,-0.382683,0.923880,0.000000,-0.000000,1.000,-0.606433,0.668607,-0.249746,-1.737083,0.223378,2.377859,2.174993
0,95,draw,0.449800,-0.493570,-0.010700,-0.382683,0.923880,0.000000,-0.000000,1.000,-0.609300,0.670314,-0.248023,-1.733648,0.222006,2.376482,2.174993
0,96,draw,0.449800,-0.494570,-0.010700,-0.382683,0.923880,0.000000,-0.000000,1.000,-0.612157,0.672028,-0.246305,-1.730201,0.220636,2.375098,2.174993
0,97,draw,0.449800,-0.495570,-0.010700,-0.382683,0.923880,0.000000,-0.000000,1.000,-0.615005,0.673750,-0.244592,-1.726742,0.219268,2.373707,2.174993
0,98,draw,0.449800,-0.496570,-0.010700,-0.382683,0.923880,0.000000,-0.000000,1.000,-0.617844,0.675480,-0.242885,-1.723271,0.217902,2.372310,2.174993
0,99,draw,0.449800,-0.497570,-0.010700,-0.382683,0.923880,0.000000,-0.000000,1.000,-0.620673,0.677218,-0.241182,-1.719788,0.216538,2.370905,2.174993
0,100,draw,0.449800,-0.498570,-0.010700,-0.382683,0.923880,0.000000,-0.000000,1.000,-0.623494,0.678965,-0.239484,-1.716292,0.215176,2.369494,2.174993
0,101,draw,0.449800,-0.499570,-0.010700,-0.382683,0.923880,0.000000,-0.000000,1.000,-0.626306,0.680719,-0.237791,-1.712784,0.213816,2.368077,2.174993
0,102,lift_end,0.449800,-0.499570,-0.010700,-0.382683,0.923880,0.000000,-0.000000,0.000,-0.626306,0.680719,-0.237791,-1.712784,0.213816,2.368077,2.174993
